-dry-inch1-12-inch12-Jan1-1-cup1-inch-thick1-inch-wide1-inch1-oz1-pint1-quart1-tablespoon1-teaspoon10-10-inch100-count1001051011-inch110112-inch112115116-inch-thick116-inch11815-Dec12-12-cubes12-gallon-size12-grain12-inch-long12-inch-thick12-inch-thin12-inch-wide12-inch12-inches12-ounce12-oz12-rib12-wedges1201212x12-inch12x1212x1412x18-inch12x1812x20-inch12x30-inch12x4-inch12x8-inch13-inch13-less-fat13-ounce1301313u201d14-by-2-inch14-inch-diced14-inch-thick14-inch14-pound14-thick14251414x12-inch14x915-bean15-inch15-oz1511516-2016-inch1601616x16-inch17-year17818-18-inch-thick18-inch1818x24-inches19011u21221st1x12-inch1x14-inch1x2-inch1x3-inch2-12-inch2-2-by-12-inch2-fat2-inch2-inches2-layer2-long2021-25212213021321222324-karat2424x8x125-less-sodium250g2526-302622x122x2-inch3-by-14-inch3-cheese3-inch3-rib30-4030113031-4031234-34-inch-thick34-inch2cm34-inch34350-degree3536538-inch3833x64-4-cheese4-field4-inch4-ounce4-x6-inch40-less-sodium404224345464844x4-inch5-inch5-second5-spice5052557575858x256-6-cheese6-inch6-ounce6-oz60620656666x126x9-inch7-grain7-inch7-ounce7-spice7-up7-upu2122707577up8-8-cup8-inch8-ounce808588x8-inch9-inch9-ounce90-lean9093-lean9394959899-lean99u201d9x12-inchu2122a-1a1a1a1u2122au00f1ejoabaloneabsinthe-basedabsintheabsolutabsolutaccentaccentaccordingacesulfameachioteacidacidityaciniacornacrossactiveactivedryadamsadamsaddaddedadditionaladjustadjustableadoboadolphsadultadzukiaeratedagar-agaragaveagedaheadahiaioliaisleaji-no-motoajiajiesalalaska-stylealaskanalbacorealcaparradoalcoholalderalealealeppoalessialfalfaalfredo-stylealfredoall-beefall-branall-branall-purposeall-vegetablealligatorallspiceallwhitesalmond-coconutalmond-flavoredalmond-flavouredalmond-fruitalmondalmondsalmostaloealongalouettealphabetalreadyalsoalternatingalternativealumaluminumamaranthamarettiamaretto-flavoredamarettoamarilloamaroamazingamberamchooramerican-styleamericanaminoamishammoniaamontilladoamountampamsterdamanaheimanapakayaanchoanchoviesanchovy-stuffedanchovyancientandu00a0coarselyandesandorandouilleangelangelicaangleangosturaangosturaangusanimalanise-flavoredaniseanisetteanjouannattoanotherapartaperitifaperolaperolappetizerapple-apricotapple-grape-cherryapple-smokedappleapplejackapplesapplesauceappletonapplewood-smokedapplewoodapproxapricot-mangoapricotapricotsaquavitarabicaramearbolarborarborioarcherarcticarepasargoaromaticarrackarrowrootarthurartichoke-artichokeartichokesartificialartificiallyartisan-styleartisanartisanal-stylearugulaasaderoasafoetidaasiagoasian-styleasianasideasparagusaspartameassemblyassiassortedassortmentastiasturianathenosatlanticattachedauauntauthenticavailableavernoavocadoavocadosawayazafranbbabybabybelbacardibacardibackbackbonebacksbackstrapbaconbaconbagbagelbagelsbaggedbagoongbagsbaguette-stylebaguettebaguettesbaharatbaileysbakebakeu2122bakedbakerbakersbakersbakerybakerybakingbalancebalanceballballballerballsbalmbalsamicbamboobananabananasbandsbangusbarbarbecuebarbequebarbequedbarberriesbarelybarillabarillabarkbarleybarolobarramundibarrel-agedbarsbartlettbasabasebaseball-sizebasedbasicbasicsbasil-flavoredbasilbasilicobasmatibassbastebastingbatterbatterbavarian-stylebaybaybayu2122bayrbbqbeambeanbeansbear-shapedbearnaisebeatbeatenbeatersbeatersbeaubeaujolaisbeaumontbeautybechamelbeebeechbeechersbeef-flavoredbeefbeefsteakbeefybeer-flavoredbeerbeetbeetsbelachanbelgianbelievebellbellbellabellasbellsbellsbellybelugabenedictinebengalbensbensbentonsbermudaberriesberry-flavoredberryberryhillbertollibesanbest-qualitybestbestbestu00a0asparagusbetterbetternbettybeveragebhajibiasbibbbiberbigbigabilbaobingbirdsbirdsbiscuitbiscuitsbisonbisquebisquickbisquickbisquicku2122bit-sizebite-sizebite-sizedbitebitesbitsbitterbittermensbittersbittersbittersweetbize-sizeblack-eyeblack-eyedblackblackberriesblackberry-flavoredblackberryblackcurrantblackenedblackeningblackeyeblacksblackstrapblackwellbladeblancblanchedblancobleachedblendblendblendedblenderblendsblendsbleublintzesblissblockbloodbloodyblossomblossomsblueblueberriesblueberriessuchblueberry-flavoredblueberrybluefishboarboardbobbobolibobolibobsboccaccinibocconcinibockbockboilboiledboilerboilingbokboldbolillobolillosbolognabone-inbonebonedbonelessbonesbonitobonnetbonnet-stickboonieboscbostonbottlebottledbottombottomedbottomsboudinboughtbouillonbouillonbouquetbourbonboursinboursinbow-tiebowbowl-shapedbowlbowlsbowtieboxboxedboxesboysenberriesboysenberrybraeburnbraggbrain-shapedbrainsbranbranbrandbrandbrandedbrandsbrandy-basedbrandybranstonbranzinobratwurstbratwurstsbraunschweigerbrazilbread-and-butterbreadbreadcrumbsbreadedbreaderbreadingbreadmuffinbreadsbreadsticksbreakfastbreakstonesbreambreastbreastsbretonbrewedbreweru2019sbrewersbriannasbrick-stylebrickbricklebricklebriebrieflybrine-curedbrine-packedbrinebrinedbriochebriquettesbrisketbrisketsbrittlebroadbroccolibroccolinibroccolinibroil-cutbroilbroiled-in-butter-stylebroiledbroiler-fryerbroilerbroilerfryerbrokenbrooksbrothbrothersbrownbrownbrownberrybrownedbrowniebrowniesbrowningbrownsbrucesbruisedbruleebrummelbruschettabrushbrushedbrushingbrusselsbrutbryanbubblebubblegum-flavoredbucatinibuckwheatbucobudbuddhasbuddigbuddigbudsbudsbudweiserbudweiseru2122buffalobuglesbuitonibulbbulbsbulgarianbulgurbulkbullbullu2122bulls-eyebumblebun-lengthbunbunchbunchabundledbunnybunsburdockburger-styleburgerburgersburgundyburnettsburrataburrito-sizeburritoburritosbushsbushsbutcherbutt-endbuttbutter-basedbutter-flavoredbutter-margarinebutterbutterbutterballbuttercreambuttercupbutteredbutterfingerbutterfingerbutterfishbutterfliedbutterflybutterheadbuttermilkbutternutbutternutsbutterscotch-flavoredbutterscotchbuttershotsbutterybuttonbuttonsbuyc-sharpccabbagecabernetcabotcacaocachacacactuscadburycaesar-stylecaesarcaffeinatedcajetacajun-seasonedcajun-stylecajuncake-popcakecakescalabashcalabazacalabresecalabriancalamaricalamatacalciumcaldocalfscalifornia-blendcaliforniacalimyrnacallaloocallebautcallebutcallenderscalorie-wisecaloriecalrosecalvadoscalvescamembertcameocampanellecamparicamparicampbellscampbellscamphorcampscanadacanadian-stylecanadiancandiedcandiescandy-coatedcandycanecanelacanescanillacannedcannellinicannellonicanningcannolicanolacantcantaloupecantoncantoncantonese-stylecapcapu2019ncapacolacapellinicapercaperscapicolacapncappuccinocapscaptaincapuccino-flavoredcaracaramel-flavoredcaramel-peanutcaramelcaramelizedcaramelscarapellicarapellicarawaycarbcarbonatedcarcasscarcassescardamomcardboardcarefullycaribbeancariboucarlcarlinicarlocarnarolicarnationcarnationscarobcarolinacarpcarrageencarrollcarrotcarrotscarrscartilagecartoncartonedcarvingcasabacasbahcasbahcasbahu00a0quinoacascadecascadiancaseincaseracashewcashewscasingcasingscassavacasserolecassiscastelvetranocastorcatcatalinacatfishcatnipcaulcauldroncauliflowercavatapicavatappicavatellicavenderscavenderscaviarcayennececcocedarceleriaccelerycellentanicellophanecelticcenter-cutcentercenturycerealcerealcertochaatchablischachereschachereschaichallahchambordchambordchampagnechanachancochannachanterellechanterellescharcharcoalchardchardonnaycharredchartreusechayotechayotescheapcheddar-broccolicheddar-flavoredcheddar-montereycheddar-mozzarellacheddarcheddarmontereycheekcheekscheerioscheeriosu2122cheese-filledcheese-flavoredcheesecheeseu2122cheesecake-flavoredcheesecakecheeseclothcheesescheesycheetoscheez-itcheezchefchefu2019schefschenincheongcherriescherry-flavorcherry-flavoredcherrychervilchestnutchestnutschevrechewychexchexchexu2122chi-chischiachiantichicharroneschickchicken-flavorchicken-flavoredchicken-stylechickenchickenschicknchickpeachickpeaschickschicorychiffonadechihuahuachiknchilacachile-flavoredchile-garlicchilechileanchileschili-garlicchili-limechili-ochili-stylechilichilieschilischilledchillichinese-stylechinesechinookchiogachipchipitschipolatachipotle-flavoredchipotlechipotleschippedchipschitterlingschivaschive-flavoredchivechiveschlieschobanichocolate-coatedchocolate-coveredchocolate-flavoredchocolate-hazelnutchocolatechocolatechocolateschocolateychoichoicechoicechokechokescholesterol-freecholulachongchopchopinchoppedchoppingchopschopstickschorizechorizochouricochowchowderchoychrysanthemumchubritsachuckchungchunkchunkedchunkschunky-stylechunkychurnedchutneyciabattacidercilantrocilieginecinderellacinghialecinnamon-flavoredcinnamon-raisincinnamon-sugarcinnamoncipollinicirclecirclescircularciroccitriccitroncitrus-flavoredcitrusclamclamatoclamsclamshellclancysclaretclarifiedclassic-styleclassicclassicoclassicoclaussenclawclawscleancleanedclearclearjelclementineclementinesclingclingstoneclovecloverclovesclovisclubclubclusterscmcoachscoarse-graincoarse-grainedcoarse-groundcoarsecoarselycoarsleycoatedcoatingcobcobscoca-colacocacocktail-sizecocktailcocococoacoconut-flavoredcoconut-pineapplecoconutcoconutu2122coconutmilkcoconutscodcoffee-flavoredcoffeecoffeecognaccoinscointreaucointreaucokecola-flavoredcolacolacionescoladacolby-jackcolby-montereycolby-pepperjackcolbycoldcolecolemanscolemanscoleslawcollardcollegecollinscolorcoloredcoloringcolorscolossalcolouredcolouringcombinationcombinbationcombinedcomfortcomicecompletacompletecompletecompletelycompressedconconcasseconcentrateconcentratedconcernconchconchiglieseashellconcordcondensedcondimentcone-shapedconecuhu00a9conesconfectionersconfectioneryconfitconmemorativoconsistencyconsommeconstructioncontadinacontainerconvertedcook-and-servecook-in-bagcookcookedcookercookerscookiecookiescookiescookingcookscoolcooledcoolercoorscoppacordialcorecoredcorescoriandercorkscrew-shapedcorkscrewcorncorncornbreadcornedcornercornflakecornflakescornichoncornichonscornishcornmealcornstarchcoronacortlandcostenocotechinocotescotijacottagecottocottoncountcountry-stylecountrycountryu2122countrysidecourgettecouscouscovercoveredcowcowpeascoxcrabcrabapplescrabmeatcrabscrackedcrackercrackerscracklingscraftcraisinscraisinscran-raspberrycranberriescranberry-applecranberry-flavoredcranberry-grapecranberry-raspberrycranberry-walnutcranberrycrawfishcream-and-onion-flavoredcream-filledcream-flavoredcream-stylecreamcreamedcreamercreamerycreamy-stylecreamycreationscreationscreationsu2122cremacreme-filledcremecreminicrenshawcreole-stylecreolecrepescrescentcrescentscrescenza-stracchinocriminicrimpedcriollocriscocrisp-cookedcrispcrispcrispedcrispixcrisplycrispscrispycrockcrockercroissantscrookneckcross-cutcrosscrossecrosswisecrostinicroutonscrowdercrowncrownscrullerscrumbcrumbedcrumblecrumbledcrumblescrumblescrumbscrumpetcrunchcrunchcrunchu2122crunchycrushcrushedcrustcrustscrustycruzancruzancrystalcrystalcrystallizedcrystalscubanellacubanellecubecubedcubescubscucumbercucumberscuervocuervocuisineculantroculinaryculturedculturescumincupcupboardcupcakecupcakescupscuracaocurdcurdscurecuredcuringcurlcurlscurly-leafcurly-stylecurlycurrantcurrantscurrycustardcut-upcutcutcutletscutscuttercutterscuttingdaddydadsdaikondaiquiridairy-freedairydaisydaldalesdamdamaskdamndamsondandeliondangdanielsdanielsdanishdanjoudannondannondaredark-browndark-meatdarkdarkerdashdashdashesdashidatedatesdavesdavesday-olddaydaysde-boneddedeandeandebeardeddeboneddecafdecaseddecoratingdecorationdecorativedecoratordeep-dishdeep-fatdeep-fryingdeepdeerdefrostdefrosteddegreesdehydrateddekuyperdeldeli-sliceddeli-styledelidelicatadeliciousdeliciousdelightdelightdelightfullsdelmonicodeluxedeluxedemerarademi-glacedemidentedependingdeseededdesilkeddesireddessertdeveineddevilu2019sdevileddevilsdewdewdewu2122dextrosedhaldidiagonaldiagonallydiakondiameterdiamonddiavolodicediceddicesdickinsonsdickinsonsdietdietzdifferentdigiornodijon-styledijondilldinner-styledinnerdinodinosaurdipdippeddippingdipsdirecteddirectionsdirtdirtydisaronnodiscarddiscardeddiscardingdiscosdiscsdishdisksdisposabledissolveddistilledditalinidivdeddivideddjandoenjangdogdogsdoledoledomainedomesticdominoesdongdonutdonutsdoonedoritosdorodouble-actingdouble-concentrateddouble-crustdouble-strengthdouble-widedoubledoughdoughnutdoughnutsdoughsdowndrdrageesdragondragondraindraineddrainsdrakesdramaticallydrambuiedrambuiedraughtdreamdredgingdresseddressingdressingdreyersdrieddrinkdrippingsdrizzlingdropdropdropsdrumdrumettesdrummettesdrumstickdrumsticksdry-packdry-packeddry-roasteddrydryingdudublinerdublinerdubonnetduckducklingducklingsductdukesdulcedulcesdumplingdumplingsduncandungenessduriandurkeedurumdustdustingdutch-processdutchdutydyedyedeagleearearlearlyearseartheartheasilyeasteasteastereasyeatingebieckrichedamedamameeddoesedgesedibleeditorsedysegegg-freeegg-shapedeggeggnogeggplanteggplantseggplantscuteggseggseighteighthsel-kasihelelbertaelbowelbowselderberrieselderberryelderflowerelephantelkemeraldemerilsemmentalemmentaleremptyemulsionenchiladaendendiveendivesendsener-genergyenglandenglishenhancerenokienoughenrichedenvelopeepazoteequal-sizedequalequalequivalenterythritolescargotescargotsescaroleespecialespressoessenceessentialsestateetceuropean-styleeuropean-varietyeuropeaneuropesevansevaporatedevenevenlyevercleareverydayeverythingexceptexcessexcludeexpressextra-creamyextra-firmextra-hotextra-largeextra-leanextra-lightextra-longextra-oldextra-sharpextra-virginextra-wideextraextractextrudedeyeeyeeyeballseyesez-peelf38f40f41f43f44f45f46f50f71ffabadafactory-washedfagefajita-sizefajitafajitasfalafelfamily-sizedfamilyfamousfancyfarfallefarfelfarinafarlfarlsfarmfarmfarmersfarmhouse-stylefarmsfarmsfarrofashionedfast-risingfastfat-freefat-trimmedfatfatbackfattyfavafavoritefeefeetfellfemalefennelfenugreekfermentedfernsferrerofetafettuccinefettuccinifettucinefiberfiddleheadfiddleheadsfideofieldfiesta-stylefiestafiestafigfigsfilefiletfiletsfilingfillfilledfilletfilletsfillingfillofilterfilteredfinfinefinely-gratedfinely-groundfinelyfinesfinger-sizedfingeredfingerlingfingersfingersfinishfinishingfinofire-roastedfirefireballfirm-texturedfirmfirmlyfish-brothfish-flavoredfishfisherfitfitfive-peppercornfive-spicefiveflake-styleflakeflakedflakesflakesflaky-styleflakyflankflankenflapflaredflat-bottomedflat-cutflat-leafflatflatbreadflatbreadsflatoutflavorflavoredflavoringflavorlessflavorsflavourflavouredflaxflaxseedfleischmannsfleischmannsfleshfleurflipsidesfloretfloretsflounderflourflowerfloweretsflowersfluffflufffluffyflyfoamyfocacciafoiefoil-wrappedfoilfoldedfolgersfollowfollowsfondfondantfontinafood-gradefoodfoodsfoodsfoolprooffootnotefootnotesforcedfordhookforest-styleforestforkformedfosterfoundfour-cheesefourfoursfourthsfragmentsfraicheframboiseframefranco-americanfrangelicofrangelicofrankfurtersfranksfranksfreefreefreekehfreestonefreeze-driedfreezefreezerfrench-cutfrench-friedfrench-fryfrench-stylefrenchfrenchedfrenchsfrenchsfrescafrescafrescofrescofresh-cutfresh-groundfresh-squeezedfreshfreshfrozenfreshiesu2122freshly-crackedfreshly-groundfreshlyfresnofrichikfrichikfriedfriendlyfriendshipfriesfrilledfrillsfriseefritosfritosu2122frogfrogsfrondsfronterafrostedfrostingfrozenfructosefruit-basedfruit-flavoredfruitfruitfruitcakefruitsfruityfry-likefry-shapedfry-sizefryfryerfryingfrymixfudgefugglesfugifujifull-bodiedfull-sizefullfully-cookedfully-trimmedfullyfultonsfumifunfunfettifungusfurikakefurmanosfusilifusillifusillispiralfuyufuzzygaetagaigalagalangalgallianogallianogallogallon-sizegallongamegaramgarbagegarbanzo-favagarbanzogardengardengardenburgergarigarlandgarlic-garlic-and-buttergarlic-and-herbsgarlic-and-tomatogarlic-flavoredgarlic-herbgarlic-peppergarlicgarnetgarniergarnishgarnishinggebhardtgelgelatingelsgemelligeneralgenerousgennarogenoagentlygeorgegermgermaingermangermansgewurztraminergheegherkingherkinsghirardellighirardellighost-shapedghostgiandujagiantgiantgiardinieragibletsgillsgimmegin-basedginginger-garlicginger-sesamegingergingerbreadgingerrootgingersnapgingersnapsgirardsgizzardsglaceglassesglazeglazedglenglenglitterglobeglovesglucoseglutamategluten-freeglutenglutinousglyceringnocchigoatgoatsgochugarugochujanggoddessgodivagodsgodsu2122goldgoldgoldengoldfishgoldhengoldingsgoobersgood-qualitygoodgoodiesgoodmansgoosegoosegooseberriesgorgonzolagoudagourdgourmetgoyagoyagradegrahamgrahamsgrahamsgraingrainedgrainsgrainygramgranagrandgrandmasgrandsgrandsgrannygranolagranulargranulatedgranulesgrape-nutsgrape-nutsu2122grape-peachgrape-raspberrygrapegrapefruit-flavoredgrapefruitgrapesgrapeseedgrasgrass-fedgrassgrategratedgratergratingravensteingravlaxgravygravymastergraygreasegreasinggreatgrebenesgreek-stylegreekgreengreenerygreensgremolatagrenadinegreygreygreysgrigiogrillgrillu2122grilledgrillersgrillinggrindgrindergrindinggrindsgritsgroatsgroundgroupergrovegruyereguaguacamoleguajilloguamguancialeguanjinoguarguavaguavasguinnessguinnessguittardguldensgulfgumgumbogumdropgumdropsgummigummyguttedgwaltneygyozapotstickergypsyh-e-bhaashabanero-infusedhabanerohabaneroshachiyahaddockhaggishair-stylehairhakehalf-and-halfhalf-circleshalf-drainedhalf-moonhalf-moonshalf-pinthalf-roundshalfhalibuthalloumihalloween-coloredhalloweenhalvehalvedhalveshamhamachihamburgerhand-sizehandhandleshangerhanouthappyhard-boiledhard-cookedhard-shellhardharicotsharinaharissaharpharvestharvesthash-brownhashhashbrownhashbrownshasshatchhavarti-pepperhavartihawaiianhazelnuthazelnutshead-onheadheadlessheadshealthyheart-shapedheartheartheartsheartyheat-and-serveheat-resistantheatheatedheathheathheavy-dutyheavyheinekenheinzheinzheirloomhelixhellmannshellmannshellmannsbesthellmanshemphempseedhenhendrickshensherb-flavoredherb-seasonedherbherbalherbamareherbedherbesherbsherbsaintherdezhermanherringhersheyshersheyshersheyshibiscushickory-flavoredhickory-smokedhickoryhiddenhigh-glutenhigh-heat-resistanthigh-proofhigh-proteinhigh-qualityhighhillshirehimalayanhineshineshinghingedhiramhispanichoagiehockhockshodgsonhoghoisinholdholdersholesholland-stylehollandhollandaisehollowedhollyhome-stylehomehomemadehomestylehominyhoney-honey-bakedhoney-curedhoney-flavoredhoney-glazedhoney-nuthoney-roastedhoney-sweetenedhoneyhoneycrisphoneydewhonkershoodhootershopshorizontallyhormelhormelu2122hornhorseradishhostesshot-pepperhothothothousehotshourhourshouse-autryhousehousehrefhttpallrecipescomhowtofile-powderdetailaspxhubbardhuckleberrieshugshullhulledhumhummushundred-yearhungarianhungryhuntu2019shuntshushhuskhuskedhuskshydroxideice-coldice-popiceicebergicedicingidahoidahoanieimagineimagineimitationimperialimportedimproverinch-thickinch10inch1inch5mminchinchesincludedincludingindian-styleindianindividualindividuallyindonesianindulgenceinfantinfusedinfusionsingredientinjectableinjectorinkinninnardsinnerinsanityinsideinsidesinspiredinstantinstructionsintactinternationaliodizedirish-styleirishironisalysislandislandsisolatedisraeli-styleisraeliitalian-blenditalian-flavoreditalian-seasoneditalian-styleitalianitalianoitalicajjackjackjacku2019sjackfruitjackrjagermeisterjaggeryjalapeu00f1ojalapeno-flavoredjalapeno-infusedjalapeno-stuffedjalapenojalapenosjamjamaican-stylejamaicanjambalayajameedjamesonjamesonjanesjapanese-japanese-stylejapanesejarjarlsbergjarredjarsjasminejeannesjell-ojell-ojelliedjelly-filledjellyjellybeansjemimasjeppsonsjeremiahjerkjerkyjerryjerusalemjet-puffedjeweljicamajicamasjifjiffyjimjimjimmiesjimmyjoejoesjoesjohnnysjohnsonvillejohnsonvillejointjointsjollyjonagoldjonathanjosejowljoyjrjudgesjuice-packedjuicejuicedjuicesjuicyjulienne-cutjuliennejuliennedjumbo-sizejumbojuniperjunketjusjwalakkabochakachakaffirkahluakahluakaiserkalakalamata-olivekalamatakalekalonjikamutkamutkangarookarokarokarpoorkashakashikashmirikasoorikasserikatkataifikckecapkeekeeblerkeeblerkeenskefalotirikefirkelloggskelloggskelpkenskenskentkentuckykeptkernalskernelkernelskernskerrkerrygoldketchup-styleketchupkettle-stylekewpiekey-limekeykeystonekidneykielbasakikkomankikkomankimchikindkingkingfishkingskingskingsfordskipperskirklandkirkwoodkirschkirschwasserkisskisseskisseskitkitchenkitchenkiwi-flavoredkiwikiwifruitkiwiskixkixu2122kluskikneadingknifeknorrknorrknownknoxknuckleknudsenknudsenknudsenskoalakochujangkohlrabikombukonbukool-aidkorean-stylekoreankosherkraftkraftkraftrkrautkrazykrispieskrogerkrusteazkucaikumkumatokummelweckkumquatkumquatslalabellabeledlacinatolactaidlactose-freeladyladyladyfingerladyfingerslager-stylelagerlagerlakeslallamblambertlanlandlangostinolangostinoslapsanglardlargelargeburrito-sizelarslasagnalasagnelattelattice-toplaughinglavashlavenderlawryslayerlayeredlayerslayslblbslelealeaf-shapedleafleafleafyleanleanleanestleastleatherleavesleavinglebanese-stylelechelecheralecithinleeleeleekleeksleftleftoverleftoversleglegsleicesterlemon-flavorlemon-flavoredlemon-flavoringlemon-herblemon-infusedlemon-limelemon-pepperlemon-poppylemonlemonade-flavoredlemonadelemongrasslemonslength-wiselengthlengthslengthwiselentillentilsleonesless--seelesslesueurlettuce-lettucelettuceslevelleveledleviticuslibbyslicoricelidlidslifelight-colorlight-coloredlightlightlighterlightlifelightlifelightlylikelillilaclilletlilylimalime-flavorlime-flavoredlimelimeadelimeslimonlimoncellolindalindorlindsaylindtlinerlinerslingonberrieslinguicalinguine-widthlinguinelinguinilininglinklinkedlinksliptonliquefyliqueurliquidliquorlitelitelitllittlelittleneckliveliverliversliverwurstloloafloaveslobsterlobsterslocatellalocatellilogloinloinslollipoplollipopslomalondonlong-grainlonglongerlonghornloose-leafloose-packlooselyloplopezloquatslorannlornalorrainelouisiana-stylelouisianalouisianalovagelow-calorielow-carblow-carbohydratelow-fatlow-moisturelow-saltlow-sodiumlow-sugarlowlowlower-sodiumlowerlowfatloxluckluckylukelukewarmlumaconilumplumpfishlumpialunchluncheonlungluplycheelycheesmacadamiamacapunomacaronimacaroonmacaroonsmacchiatomacemachinemacintoshmackerelmacrinamademadeiramadrasmaemafaldamagazinemaggimagicmagicmaguromahatmamahimahlebmaimaidmaidmaillemaillermainemaizmajormakemakersmakingmalbecmaldonmalibumalitolmalortmaltmaltedmaltosemammampmu2019smampmsmanchegomandarinmandolinemango-flavoredmangomangoesmangosmanhattanmanicottimanilamaniocmanismanischewitzmantecamanzanillamaple-curedmaple-finishedmaple-flavoredmaplemaraschinomarblemarbledmarconamardimargarine-stickmargarinemargaritamargheritamariamariemariesmarigoldmarinamarinademarinademarinadesmarinara-stylemarinaramarinatedmarinatingmarionmarjorammarkmarketmarketsmarlinmarmalademarmitemarmitevegemitemarniermarniermarrowmarsalamarshmallow-flavoredmarshmallowmarshmallowsmarthamartinimarukanmarymarzano-stylemarzanomarzanomarzettimarzettimarzettismarzipanmasamasalamascarponemashmashmashedmashermasonmasoormastermasterpiecematarmatch-stickmatchamatchbox-sizematchstick-cutmatchstick-sizematchstick-sizedmatchstick-stylematchstickmatchsticksmatesmaturematzahmatzomauimauimaxwellmaymayermayermayomayonnaise-stylemayonnaisemaytagmazolamazolamazolarmccainmccannsmccormickmccormickmccormicksmcintoshmealmeasuremeasuringmeatmeatballsmeatlessmeatloafmeatsmeatymeauxmedalmedallionsmediamediterranean-stylemediterraneanmedium-coarsemedium-drymedium-finemedium-firmmedium-grainmedium-hotmedium-largemedium-sizemedium-spicemedium-thickmedium-widthmediummediumsoftmedjoolmedleymeinmelbamelon-flavoredmelonmeltmeltedmeltingmeltsmembranemembranesmenthementhimerguezmeringuemerlotmesclunmesquite-flavoredmesquitemetalmethimex-stylemexmexenesmexi-cornmexican-seasonedmexican-stylemexicanmexicanamexicomexicornmeyermeyersmezcalmezzemezzimfmiami-stylemichiganmicrowave-safemicrowavemicrowaveablemicrowavedmicrowavesmidorimignonmilanomild-flavormildmildermildlymilk-basedmilkmilkfishmilkymillmillmilledmillermillermilletmillsmimiccrememincedmincemeatmineralminestronemini-bellamini-chocolatemini-loafminiminiaturemintmintsminuteminuteminutesmiraclemirchimirepoixmirinmirlitonsmisomissmissionmissionmistmistermistikamixmixmixed-upmixedmixermixingmixoflourmixturemizithramizunamocha-flavoredmochamochimochikomodelomoesmoidamoistmoistenedmoisturemojito-flavoredmojomolassesmoldmoldsmolemolsonmondemoninmonkfishmonosodiummonstermontemontemontereymontreal-stylemontrealmoomoonmoongmoonsmoonshinemoosemoradomorcillamorelmorgansmoritasmorningstarmoroccanmorselsmortadellamortarmortonmoscatomossmostacciolimostlymotomottsmountainmountainmountainu2122moussemoutardemozza-cheddarmozzamozzarella-stylemozzarellamrmrsmsgmtmuchmuenstermuffinmuffinsmugmuirmulberriesmulletmullingmulti-coloredmulti-grainmulti-purposemultimulticoloredmultigrainmungmuscadinemuscatmuscatelmusclemuscletechmuscovadomushroom-flavoredmushroommushrooms-stemsmushroomsmusketeersmusselmansmusselsmustmustard-basedmustard-mayonnaisemustardmustardmustardu2122muttonmycoproteinmyunnnaannabisconabisconacho-flavornachonahumnamnamanamaknamekonapanarutonasoyanatural-stylenaturalnaturalu2122naturallynaturalsnaturenaturesnavalnavelnavynearnearlynecessarynecknecksnectarnectarinenectarinesneededneesesnegranegronephewnerdsnescafenesquicknesquiknesquiku2122nestlenestsnettednettingnettlesneufchatelnewnewcastlenewcastleu2122newmansnibletsnibletsnibsnickednickel-sizednicoisenigarinillanillanitrateno-boilno-calorieno-cookno-pulpno-salt-addedno-sticknoirnon-alcoholicnon-chlorinatednon-dairynon-fatnon-grainynon-hydrogenatednon-instantnon-iodizednon-sticknonnondairynonenonfatnonpareilsnonsticknoodlenoodlesnopalesnopalitosnorinorthernnotenotesnougat-fillednougatnuggetnuggetsnumbernumbersnuocnutnutellanutmegnutmegsnutritionalnutriwhipnutsnutspignolinutternynylonoooat-nutoatoatmealoatnutoatsoatsoblongobrienoceanoctopusodonnellsoelekoftenoikosoil-basedoil-curedoil-flavoredoil-packedoilokraolakesold-fashionedoldoldeolive-oiloliveoliveolivesomegaone-inchoneoneonesonion-flavoredoniononionsontoopenoptionalorange-essenceorange-flavoredorange-fleshedorange-mangoorange-peach-mangoorange-pineappleorangeorangesorchardore-idaorecchietteoreganooreooreooreosorganicorgeatoriental-flavororiental-flavoredorientaloriginaloriginaloriginaleoriginalsoriginalsortegaorvilleorzooscaroscarossoostrichounceouncesouterouzoovalovaletteovaltineoven-readyovenover-easyover-ripeovernightoverripeowensownoxooxtailoxtailsoysteroystersozpacapacepacificpackpackpackagepackagedpackagespackedpacketpacketspadpadanopadipadronpaisanopale-greenpalepaleopalmpampamapan-dressedpan-fryingpanpanpanamapanangpancakepancakebiscuitpancakespancakewafflepancettapancitpandanpaneerpanerisou2122panettonepankopanquehuepanspansypaopapayapapayaspaper-thinpaperpappardellepaprikapar-bakedparadiseparboiledparchmentparedpareveparillaparkayparkerparmaparmagiano-reggianoparmesan-flavoredparmesan-reggianoparmesan-romanoparmesanparmigiano-reggianoparmigianoparsleyparsnipparsnipspart-skim-milkpart-skimpartpartiallypartspartypasillapasopasorpassata-stylepassatapassingpassionpassionpassoverpastapastepastelpasteurizedpastinapastinipastorpastramipastriespastrypatakspatepatopatopatronpatspattedpatternpattersonpattiespattypattypanpaulpaulapavpeapeach-flavoredpeachpeachespeachessuchpeakspeanut-shapedpeanutpeanutspear-flavoredpearpearlpearlpearlizedpearlspearspeaspebblespecanpecanspecorino-romanopecorinopectinpeelpeeledpeelerpeelingspeelspeepspegpekoepennepenzeyspenzyspepepepitaspeppadewpeppadropspepper-flavoredpepper-jackpepper-typepepperpepperpeppercornpeppercornspepperedpepperidgepepperjackpeppermint-flavoredpeppermintpepperonchinispepperoncinipepperonipepperspepperypepsipequinperperchperciatelliperfectperiperlatopernodpernodperrinsperrinspersimmonpersimmonspersonalperuvianpestopetpetalspetepeterpetesu2122petesspetite-cutpetitepetitspeychaudpeychaudspheasantpheasantsphilphiladelphiaphiladelphiaphillyphyllopicantepickapeppapickedpicklepickledpicklespicklingpickspicnicpicopiepiecepiecespiecespiercedpierogiespiespigpigeonpignolipigspilafpilchardspillsburypillsburypiloncillopilsner-stylepilsnerpilsnerpimentapimento-stuffedpimentopimentonpimentospimiento-stuffedpimientopimientospimmspinpinapinchpinchespinepineapple-flavoredpineapple-orange-bananapineapple-orangepineapplepineapplespinkpinnaclepinotpinquitopintpintopioneerpipettepipingpippinpiquillopiripiscopistachiopistachiospistolettepitpitpitapitaspitayapitchpithpitspittedpizzapkgplaplaceplainplankplanksplantainplantainsplantersplantersplasticpliersploypluckedplumplumpedplumspluotspluspluspoachedpoblanopocketpocketlesspocketspodpodspolentapolishpollopollockpolly-opolskapompomegranate-grapepomegranate-infusedpomegranatepomegranatesponzupop-uppoppopchipspopcornpoppedpoppingpoppypoppyseedpopsicleporciniporkportportabellaportabelloporter-styleporterporterhouseportionportionsportobelloportugueseposolepossiblepostpotpotassiumpotatopotatoespotatoespotatospotstickerspouchpoultrypoundpoundedpoundspouponpouponpourpowderpowderedpowerpraguepralineprawnspre-bakedpre-cookedpre-shreddedpre-trimmedpre-washedprebakedprecookedpreferpreferablypreferencepreferredpregopremierpremiumpreparedpreparingprerolledpreservedpreserverpreservespreservingpresspressedpressurizedpretzelpretzelspreventprewashedprickedpricklyprideprikprimaveraprimeprivateprocessprocessedprocessorproductprofessionalprogressoprogressoprogressou2122proofprosciuttoproseccoproteinprovenceprovoloneprudhommesprudhommespruneprunespsylliumpuckerpuddingpuertopuffpuffedpuffspuffspull-apartpulledpullmanpulp-freepulppumpernickelpumpernikelpumpkin-likepumpkinpumpkinspunchpunchpunschpuppypurchasepurchasedpurepurepureepureedpurelypurplepurposepurslanepushedpussquahogsquailquakerquakerqualityquantityquarkquartquarter-sheetquarteredquartersqueenquesadillaquesoquichequick-cookquick-cookingquick-hardeningquick-mixingquick-risequick-risingquickquickquincequincesquinoaquornu2122rabbitrabbitsraberackrackedracksradiatoreradicchioradishradishesragurainbowraisinraisinetsraisinsramanramekinsramenrampsranch-flavoredranch-styleranchranchrancherrancheritoranchersrapid-riserapidrapidriserapidriserapinirarerasraspberriesraspberry-flavoredraspberryravaravioliraviolinirawrawraysrazberirazorready-madeready-peeledready-to-bakeready-to-eatready-to-serveready-to-spreadready-to-usereadyreadyrealrealemonrealfruitu2122reamesrecaitorecaorecentlyreciperecipesrecommendedreconstitutedrectanglesrectangularred-skinred-skinnedredreddi-whipreddi-wipreddi-wiprredenbacherredfishredhotredhotredpackredsredsreducereduced-caloriereduced-fatreduced-saltreduced-sodiumreduced-sugarreducedreesesreesesrefinedrefriedrefrigeratedrefrigeratorregalregganoreggianoregular-sizeregular-sizedregularrehydraterehydratedrelishrellremainingremovableremoveremovedrenderedreplacementreplacerreposadorequestrequestresealablereservereservedreservingrestaurant-stylerestaurantretainretainedreynoldsreynoldsrhodesrhonerhubarbrib-eyeribribbonsribeyeribletsribsricanrice-breadrice-shapedricericedrichrickardsricotta-stuffedricottaridgedrieslingrigaterigatonirightrimrimmingrimsrindrindedrindsringringsrinsedriperipenedrippedriserisorisottoritzritzroast-readyroastroastedroastingroastsrobinrobustorocherrockrockfishrodsroerogersrojoroll-upsrollrollrolledrollingrollsroloroloromaromaineromanescoromanesqueromanoromeronironirooibosroom-temperatureroomrootrootsroquefortrosarosaritaroserosemaryrosesrosesrosewaterrossirotelrotelrotellerotellirotinirotinicorkscrewrotisserie-roastedrotisserierougeroughroughlyroughyroundroundsrouterouxroyalroyalrubrubbedrubyrufflesrum-flavoredrumrumprusset-stylerussetrussetsrussian-stylerussianrusticrutabagarutabagasruthruthrwryesabasaborsabutsaccharine-basedsacosaf-instantsafflowersaffronsage-flavoredsagesagosaigonsailorsakesaladsalamisalatasalmonsalsasalsicciasalsitasalt-addedsalt-and-vinegarsalt-freesaltsaltsaltu2122saltedsaltinesaltpetersaltysamsambalsambarsambucasambuccasamuelsansandiessandwichsandwichessangiovesesangriasangritasanufsapodillasarasardinessargentosargentosargentoshreddedsashimi-gradesashimisaskatoonsataysatsumasatureisauce-flavoredsauce-nosaucesaucesauerkrautsausagesausagemeatsausagessautesauteedsauteingsauternesauternessauvignonsauzasauzasavesavedsavoiardisavorysavourysavoysawedsazonsazonadorscaldedscaledscaliscallionscallionsscallopedscallopsscantscapescapesschnappsschubertschubertsscissorsscoop-shapedscoop-stylescoopscoopedscoopsscoopsscoredscotchscrambledscrapedscrapplescrapsscrubbedseaseaseafoodseamlessseashellseason-allseasonu2019sseasonalseasonedseasoningseasoningseasoningu2122seasoningsseasonsseasonsseaweedsecsecretsecretssectionedsectionssecuringseeseedseededseedlessseedsseedysegmentedsegmentsseitanselselectselectedselectionselectsself-risingseltzersemi-semi-circlessemi-curedsemi-drysemi-firmsemi-pearledsemi-ripesemi-softsemi-sweetsemisemisweetsemolinaseparatedseparatelyseriouslyserranoserveserviceberriesserving-sizeservingsesame-gingersesame-seedsesamesetsettingsevenseveralsevilleshadeshakeshallotshallotsshankshanksshaoxingshapeshapedsharksharpsharpnessshavedshavingssheep-milksheepssheetsheetsshelbysshelf-stableshell-onshell-shapedshellshellshelledshellssherbetsherryshichimishiitakeshimejishinershinershiratakishirazshiroshisoshoeshoepegshoestringshootsshoppingshoreshort-grainshortshortbreadshortcakeshortcrustshortdoughshorteningshotshotshouldershoyushreddedshredsshrimp-flavoredshrimpshushuckedsicsichuansiciliansidesidessievesievedsiewsiftedsignaturesilksilksilkensilkssilversilverbeetsimilarsimmeredsimmeringsimplesimplesimplysinewsingle-crustsingle-layersingle-servingsinglesinglessirloinsistersiusixsizesizedskewerskewersskimskin-onskinskinlessskinnedskinsskippyskirtskittlesskorskullsskyyslabslabsslawsleevesslenderslicesliced1slicedslicerslicesslicingslider-sizesliderslightlyslimslitsliveredsliverssloesloppyslowslushsmallsmallfajitasmartsmashedsmeltsmirnoffsmithsmoke-flavoredsmokesmokedsmokehousesmokersmokiesmokiessmokingsmoky-stylesmokysmoothsmuckerssmuckersrsnack-sizesnacksnackssnailssnakessnapsnappedsnappersnapssnickerssnippedsnippingsnowsoakedsoakingsobasodasodium-reducedsodiumsodiumsofritosoft-shellsoftsoftensoftenedsojusoldiersolesolid-packsolidsolosomensoojisoppressatasopressatasorbetsorghumsorrelsortedsouchongsoufflesoulsoupsoursourballsourdoughsoursopsouthsouthern-stylesouthernsouthwest-stylesouthwestsouthwesternsoy-basedsoy-freesoysoyasoybeansoybeanssoymilkspaghettispaghettinispamspamspamu2122spanspanish-stylespanishspareribssparklingspearspearmintspearsspecialspeciallyspeckledspectrumspectrumspectrumu00a0asianspectrumu00a0organicspeltspentspheresspice-flavoredspicespicedspicesspicyspinach-artichokespinach-flavoredspinachspinyspiral-cutspiralspiralsspiritsspirulinaspitsplashsplendasplendasplitspongespookyspoonablespoonedsportsportsspotspraysprayspraysspread-tubspreadspreadablespreadingsprigsprigsspringspringformsprinklesprinklessprinklingspritespritzersproutsspumantespunspysquaresquaressquaresu2122squash-squashsquashessqueezablesqueezesqueezedsquidsquirrelsquirrelssquirtsquirtssrirachasrirachaststablestackedstakestalestalkstalksstandstandardstandingstar-shapedstarstarbucksstarchstarchystarsstarterstartersu2122statestaybritesteaksteakhousesteakssteam-in-bagsteamsteamedsteamersu2122steamfreshsteamingsteel-cutsteelsteelheadstellastemstemmedstemsstencilstepsterilizedsteviastewstewedstewingstickstickerssticksstickystiffstifflystillstiltonstingingstir-frystirstirredstockstolistolistolichnayastolichnayastone-groundstonestonemillstonesstoragestore-boughtstorestoutstovestovetopstrainedstrandsstrawstrawberriesstrawberry-banana-flavoredstrawberry-flavoredstrawberrystraystrengthstringstringsstripstripestripedstripesstrippedstripsstripsstrongstronglystufstuffstuffedstuffingstuffingsturdystylestylestyrofoamsubmarinesubstitutesubstitutedsubstitutessubstitutionssucanatsucanatsuccotashsuchsucklingsucralosesucrolosesuetsueursugar-basedsugar-freesugar-frostedsugarsugaredsugarlesssuggestedsuissesukiyakisultanasumacsummersun-driedsunsunchokessundaesundriedsunflowersuper-hotsuper-sweetsupersuperfinesupermoistsupplementsupremesupremesurimisurprisesushi-gradesushi-stylesushisvedkaswaiswanswansswansonswedishsweet-and-soursweet-hotsweet-tartsweetsweetampspicysweetartssweetened-driedsweetenedsweetenersweetnsweetnessswirlswiss-flavoredswiss-styleswissswordfishsyrahsyrupsyruptmszechuanszechwant-bonettabascotabascotabascou2122tabascotmtabletablespoon-sizetablespoon-sizedtablespoontablespoonstaco-flavoredtacotacostagliatelletahinitaitail-ontailtailstajintakumitalltamalestamari-gingertamaritamarindtandooritangtangtangelostangerinetangerinestanqueraytaptapatiotapetapenadetapiocatarakotarotarragontarttartartassotastetastefullytasterstastitatertaterstawnytazotazotea-flavoredteateabagsteardropteaspoon-sizeteaspoonteddytefftempehtemperaturetempuratendertenderflaketenderizedtenderizertenderlointenderloinstenderstendontennesseetentaclestepidtequilateriyakitex-mextextexas-styletexastexturetexturedtexturizedthai-stylethaithaiu2122thatsthawthawedthick-cutthick-slicedthickthickenthickly-cutthickly-slicedthicklythicknessthighthighsthin-cutthin-slicedthinthinly-cutthinly-slicedthinlythinnerthinsthirdthirdsthompsonthoroughlythousandthreadthreadsthree-cheesethree-ribthreethymetiatidbitstie-shapedtietiedtigertightlytilapiatillamooktimetimetimertimestintintedtinytiptipstiretitostmto10to115toasttoastetoastedtoastingtoaststobantobikotobleronetoenjangtoffee-flavoredtoffeetofutofurkytogarashitogethertolltomtomatillotomatillostomato-basedtomato-flavoredtomato-vegetabletomatotomatoestontonguetonguestonictonkatsutonytoortoothpickstootsietop-sirlointoptoptopperstoppingtoppingstopstorntorpedotortellinitortiglionitortillatortillastoscanotostadatostadastostitostotaltotstotstouchtoughtoweltowelstowntradertraditionaltrailtrans-fat-freetrans-fattranstransparenttreacletreatedtrestri-colortri-coloredtri-tiptritrianglestrimmedtrimmingstripetripletriscuittriticaletropicaltroubletrouttruffletruffledtrufflestrumpettrussedtruviatstsangtube-shapedtubetubestunatupeloturbinadoturkey-flavoredturkey-sizeturkey-styleturkeyturkeysturkishturmericturnipturnipcutturnipstuscantuvartvptwicetwigstwintwinetwinkiestwinkiesu2122twisttwistedtwiststwizzlerstwo-cheesetwo-thirdstwotyingtypetysontzatzikiu-10ubeudonultimateultragrainumbrellasumeboshiun-whippedunbakedunbleachedunchoppeduncleuncookeduncutunderripeundilutedundrainedundyedunfilteredunflavoredunhuskeduniformunopenedunpackedunpasteurizedunpeeledunpoppedunpreparedunrefinedunrinsedunripeunrolledunsalted-stickunsaltedunseasonedunsiftedunslicedunsmokedunsplitunsprayedunsulfuredunsweetenedunthaweduntoasteduntreateduntrimmedunwrappedupupsideuradurfausageuseusedusingv-8v-8v8vacuumvalenciavalentinavalentinavallevalleyvalleyvaluevaluevanvanilla-flavoredvanilla-snapvanillavariesvarietiesvarietyvayvealveg-allvegvegaveganveganaisevegenaisevegetable-flavoredvegetablevegetablesvegetarianveggieveggieu2122veggiesveinsvelveetavelveetavelvetvenicevenisonveraverbenaverdeverdelhovermicellivermontvermouthvernorsvertsvidaliavidaliaviennavietnamesevinaigrettevindaloovine-ripevine-ripenedvinevinegar-basedvinegarvioletvirginvisiblevitalvitaminvodkavoskoswaferwaferswaffleswagonwakamewalkerwallawalleyewalnutwalnutswarmwarmedwasabiwashwashedwashingtonwater-packedwaterwaterwatercresswatermelon-flavoredwatermelonwatermelonswatkinswatsonwavywaxwaxedwaywaywearweberwedgewedgedwedgesweedweightwelchswell-beatenwell-drainedwell-marbledwell-shakenwell-trimmedwellwertherswessonwestwetwheat-basedwheat-freewheatwheatwheelwheelswheywhipwhipwhipu2122whippedwhippingwhiskedwhiskeywhiskywhistlewhite-fleshedwhite-meatwhite-winewhitewhitewhitefishwhitelilywhiteswhiteswhitingwhizwhole-berrywhole-grainwhole-kernelwhole-milkwhole-wheatwholewhopperswidewidthwienerswildwildflowerwilliamsburgwiltonwinewing-flavoredwingwingswinterwipedwish-bonewishbonewitchswithoutwokwolfwonwonderwonderfulwondrawondrawonkawontonwontonswoodwoodenwoodruffworcestershireworksworldworm-shapedwormwormswormwood-flavoredwrapwrapwrappedwrapperwrapperswrappingwrapswrayx1xxanthanxylitolyakisobayamyamsyamsyardlongyazzoyeastyeastyellow-fleshyellow-fleshedyellowyellowfinyellowtailyogiyogurt-coveredyogurtyolk-freeyolkyolksyolksyoplaityorkyoshidasyoungyubayucayuccayuenglingyukonyumyuzuyveszaatarzatarainszatarianszenzestzestedzestyzinfandelzitizucchinizucchiniszwieback